{"cameraMode":{"drawMode":0,"name":"Shaded","section":"Shading Mode"},"sceneLighting":true,"audioPlay":false,"sceneViewState":{"showFog":true,"showMaterialUpdate":true,"showSkybox":true,"showFlares":true,"showImageEffects":true,"showParticleSystems":true},"in2DMode":false,"pivot":{"x":391.79998779296877,"y":532.9000244140625,"z":0.0},"rotation":{"x":-0.14792120456695558,"y":0.24555358290672303,"z":-0.03794397786259651,"w":-0.9572837948799133},"size":287.79449462890627,"orthographic":false}